{"logist_reg": [[-0.04340718516079991, -0.036694271035435926], [-0.03626200382290948, -0.03980035585617758, -0.038375974827812916, -0.03842051587077295, -0.04219455447969323, -0.043829255819761416, -0.0427107894488364, -0.04240937568186101, -0.04285443658792898, -0.04144256773438691, -0.0429406860114214, -0.041668442992801286, -0.037364760833396224, -0.039626137457321464, -0.041324133837003556, -0.03952906865233248, -0.040161164033493485, -0.04079193704580297, -0.040816517861240194, -0.03717204005980726]], "rand_forest": [[-0.036745723528192005, -0.02974759234842175], [-0.030510975939377172, -0.031016064161908972, -0.03334465783779222, -0.0325667951676847, -0.03314652466595227, -0.036396039052555, -0.033069733828391366, -0.032446871453378726, -0.037062104720435016, -0.03338434924319958, -0.034433902744843245, -0.03336709667792483, -0.033279090372316474, -0.0327122239777007, -0.032410563685424824, -0.031548408253576715, -0.032726810515502476, -0.03176163827089416, -0.03209652382352648, -0.029056911956604935]], "nn": [[0.0914936569033265, 0.0914936569033265], [0.0914936569033265, 0.0914936569033265]]}