{"logist_reg": [[-0.04439775836290269, -0.03933651250746218], [-0.04339523420568527, -0.04268412158957943, -0.044383100801607435, -0.042656841053622614, -0.04133384996497632, -0.04112278134621358, -0.04377576169507381, -0.043064897638173415, -0.04342874796522501, -0.04426378371324867, -0.04374444862043879, -0.0391659036926936, -0.043144532401392786, -0.04169724388197033, -0.042575381063891186, -0.039525080144837986, -0.044411019965979355, -0.042547638352944936, -0.0443773135990768, -0.04066117186882411]], "rand_forest": [[-0.03628872553049584, -0.03197990169026557], [-0.034577757400906566, -0.034917713889254874, -0.03494670412832661, -0.03533193962955118, -0.03324724950192503, -0.03467968922143529, -0.03255247220097598, -0.03570535098636035, -0.03370719994126998, -0.035145618721427435, -0.03268488649044372, -0.03195130908339739, -0.03500167066692198, -0.03583022181740691, -0.034999884149031386, -0.03325053907294061, -0.03570757697859202, -0.032011504045225146, -0.03670356222329059, -0.03336766445596837]], "nn": [[0.07392321904438387, 0.07392321904438387], [0.07392321904438387, 0.07392321904438387]]}