{"logist_reg": [[-0.012346888104171266, -0.004401622158463917], [-0.006758993599646877, -0.012635179871992938, -0.008276318693445155, -0.008110792319576253, -0.009738468329287132, -0.007421099095122489, -0.005241668505848599, -0.011448907525932465, -0.007641800926947694, -0.006786581328625027, -0.008138380048554402, -0.009628117413374531, -0.006207239020083867, -0.01056610019863165, -0.009793643787243435, -0.00852460825424851, -0.0036415802251158684, -0.012028249834473627, -0.0079728536746855, -0.009766056058265284]], "rand_forest": [[-0.008698410946810859, -0.0032298333701169728], [-0.005076142131979695, -0.010428161553740897, -0.005048554403001545, -0.0067314058706687266, -0.0054899580666519536, -0.005958949459280512, -0.005158905318914147, -0.006676230412712426, -0.0035312293092032666, -0.006483116309865372, -0.004689913926285589, -0.0030070624586184067, -0.004524387552416685, -0.006317589935996469, -0.006786581328625027, -0.006703818141690576, -0.0034760538512469655, -0.006041712646214964, -0.006483116309865372, -0.005600308982564555]], "nn": [[-0.027120116971970868, -0.013599370999779299], [-0.013628338115206357, -0.015807768704480248, -0.021601191789891856, -0.015118075480026484, -0.019973515780180976, -0.02013904215404988, -0.013573162657250054, -0.02168395497682631, -0.0212425513131759, -0.025297947472964027, -0.02502207018318252, -0.025408298388876628, -0.018456190686382698, -0.019449348929596117, -0.019338998013683512, -0.02714632531450011, -0.020414919443831385, -0.02709114985654381, -0.02378062237916575, -0.025877289781505188]]}