{"logist_reg": [[-0.05529903275099246, -0.04837353526936631], [-0.054343614486313044, -0.05386535576190204, -0.04870927586967626, -0.05316171909779779, -0.052449948687132986, -0.05087385951883801, -0.04861701171782513, -0.05295191643935088, -0.05472221425220009, -0.053661448174609584, -0.05320758414199331, -0.05098532663413382, -0.0539831979501966, -0.05582091615466174, -0.05442787206057135, -0.04815324705409404, -0.05233961389979264, -0.05134075184632013, -0.05342076455693575, -0.05156121559815515]], "rand_forest": [[-0.04295121275605703, -0.03512010950958042], [-0.03952094094894469, -0.043354322507876034, -0.03320541106914903, -0.042259348850883886, -0.03921004582843584, -0.04116404344893423, -0.037236355154267736, -0.03818268118952945, -0.03777232949975121, -0.03872618739720179, -0.03930802806914535, -0.0382224603381387, -0.038410717960353474, -0.04002586860973414, -0.03762171600274017, -0.03909660051482475, -0.0425056703987834, -0.03828453454154198, -0.039379793860777536, -0.03934169754443819]], "nn": [[-0.39340186677938294, -0.39340186677938294], [-0.39340186677938294, -0.39340186677938294]]}