{"logist_reg": [[-0.02432873573158077, -0.01214653234175026], [-0.019889311656866138, -0.01599792459356624, -0.018419232099619508, -0.011674161189899689, -0.012668626772742995, -0.015479072985126253, -0.019802836388792804, -0.023261847111726047, -0.013360428917329643, -0.018073331027326184, -0.019889311656866138, -0.01703562781044621, -0.012755102040816327, -0.017468004150812868, -0.013230716015219647, -0.01513317191283293, -0.025294015911449325, -0.01310100311310965, -0.018375994465582843, -0.015565548253199585]], "rand_forest": [[-0.02841685402974749, -0.012162746454514015], [-0.029012452438602558, -0.023305084745762712, -0.020278450363196126, -0.020840539605672777, -0.01725181598062954, -0.009944655828433069, -0.01764095468695953, -0.02014873746108613, -0.02218090626080941, -0.020797301971636113, -0.015046696644759598, -0.02109996540989277, -0.014614320304392943, -0.019154271878242823, -0.02775856105153926, -0.01859218263576617, -0.016430300933932895, -0.018851608439986164, -0.019111034244206158, -0.022699757869249396]], "nn": [[-0.04244638533379453, -0.011993038740920097], [-0.036362850224835694, -0.02784503631961259, -0.04795053614666205, -0.03545485991006572, -0.021532341750259427, -0.0274558976132826, -0.012106537530266344, -0.024169837426496022, -0.011890349360083017, -0.033206502940159116, -0.026158768592182635, -0.03588723625043238, -0.028839501902455898, -0.01513317191283293, -0.02265652023521273, -0.029617779315115878, -0.02040816326530612, -0.015003459010722933, -0.02045140089934279, -0.02101349014181944]]}