{"logist_reg": [[-0.016465971982013144, -0.008138403666551367], [-0.012668626772742995, -0.009425804219993082, -0.01349014181943964, -0.014873746108612937, -0.012193012798339675, -0.016732964372189553, -0.013057765479072985, -0.0161708751297129, -0.015435835351089588, -0.011198547215496369, -0.012106537530266344, -0.007912487028709789, -0.008647526807333102, -0.014571082670356278, -0.014398132134209617, -0.013533379453476305, -0.008388101003113109, -0.010766170875129714, -0.01145797301971636, -0.013057765479072985]], "rand_forest": [[-0.007250951227948806, -0.00227646143203044], [-0.006139744033206503, -0.00337253545485991, -0.006615358007609823, -0.005534417156693186, -0.0028104462123832584, -0.0034157730888965754, -0.0041508128675198895, -0.005447941888619854, -0.0035887236250432375, -0.004496713939813214, -0.004539951573849879, -0.0019889311656866135, -0.004021099965409893, -0.007826011760636457, -0.00337253545485991, -0.0029833967485299205, -0.002594258042199931, -0.004756139744033206, -0.00462642684192321, -0.004972327914216534]], "nn": [[-0.03191153580076098, -0.010320823244552062], [-0.014960221376686268, -0.011501210653753027, -0.00925285368384642, -0.015089934278796265, -0.016127637495676236, -0.020797301971636113, -0.022397094430992737, -0.01781390522310619, -0.029142165340712557, -0.02014873746108613, -0.025942580421999307, -0.022786233137322726, -0.023867173988239364, -0.02754237288135593, -0.03441715669318575, -0.02014873746108613, -0.024904877205119337, -0.020840539605672777, -0.023650985818056035, -0.025034590107229332]]}