{"logist_reg": [[0.07267720530090295, 0.08993533218117555], [0.0867664925182747, 0.07738516836281364, 0.08106739401605403, 0.07737404178295117, 0.09025116624940811, 0.08198030450209073, 0.07263775405825987, 0.07447800424154617, 0.08884152946294242, 0.0895862524215501, 0.08199914312846379, 0.07847002071852993, 0.07786333061669161, 0.07542841290972323, 0.07502068394777922, 0.07758319887496459, 0.07272080930592952, 0.07304823044424348, 0.0846838685556812, 0.07497771142434191]], "rand_forest": [[0.018714218296979824, 0.039084531894918055], [0.03920097117808171, 0.030904840500164798, 0.030544401111504228, 0.01667422063644924, 0.03775097019532787, 0.030504183937780146, 0.020968952553355732, 0.03155045143366195, 0.03153112551904489, 0.0381847911540764, 0.02747299839263725, 0.028232505965754585, 0.02760025442279961, 0.028479020245509322, 0.0389558358451056, 0.030589512061881353, 0.03143757499468598, 0.037425504506069844, 0.027897957762296213, 0.032490486509085745]], "nn": [[0.04219145127800314, 0.04219145127800314], [0.04219145127800314, 0.04219145127800314, 0.04219145127800314, 0.04219145127800314, 0.04219145127800314, 0.04219145127800314, 0.04219145127800314, 0.04219145127800314, 0.04219145127800314, 0.04219145127800314, 0.04219145127800314, 0.04219145127800314, 0.04219145127800314, 0.04219145127800314, 0.04219145127800314, 0.04219145127800314, 0.04219145127800314, 0.04219145127800314, 0.04219145127800314, 0.04219145127800314]]}