{"logist_reg": [[-0.029140918119620392, -0.013179347826086958], [-0.015780180975502097, -0.027808430809975724, -0.015642242330611345, -0.023835797837122048, -0.019807989406312072, -0.014649084087397925, -0.02496689472522622, -0.014207680423747517, -0.02295299050982123, -0.01754579563010373, -0.01224895166629883, -0.02496689472522622, -0.020442507172809533, -0.015862944162436547, -0.0186768925182079, -0.03034650187596557, -0.018732067976164203, -0.026787684837784154, -0.020635621275656588, -0.023642683734274996]], "rand_forest": [[-0.026682851467667183, -0.013975253807106602], [-0.019283822555727213, -0.024194438313838006, -0.01658022511586846, -0.023063341425733835, -0.02463584197748841, -0.02656698300595895, -0.02607040388435224, -0.012966232619730744, -0.026153167071286693, -0.020387331714853234, -0.0264290443610682, -0.021739130434782608, -0.0264290443610682, -0.018511366144338997, -0.026787684837784154, -0.015669830059589496, -0.019807989406312072, -0.01911829618185831, -0.018401015228426396, -0.015090487751048334]], "nn": [[-0.043663098653718826, -0.010011586846170826], [-0.044554182299713085, -0.038677996027367025, -0.02962922092253366, -0.0293809313617303, -0.04267821672919885, -0.024580666519532113, -0.028056720370779078, -0.0106488633855661, -0.02234606047230192, -0.009435003310527478, -0.012497241227102185, -0.030512028249834473, -0.02871882586625469, -0.025187596557051422, -0.024056499668947254, -0.023559920547340543, -0.019311410284705365, -0.019807989406312072, -0.011531670712866917, -0.030153387773118517]]}