{"logist_reg": [[0.07675891447844456, 0.10954374047514054], [0.08749341162415543, 0.09241940173701765, 0.09187199678175172, 0.07922649432313318, 0.07981457981960585, 0.09631307538619917, 0.07678665320621873, 0.08540912110593149, 0.10197748350869834, 0.08825248392782238, 0.09913300346988185, 0.07985710216802468, 0.1100656926481461, 0.08833289109691257, 0.07673381753426793, 0.07822180587647833, 0.08873364700220171, 0.08184938803059044, 0.10896684596813438, 0.10069258854961632]], "rand_forest": [[0.024181399255445563, 0.04195657845720933], [0.04264774740744397, 0.026795415711398395, 0.029724473731682587, 0.023855498051516953, 0.030685438173407936, 0.029575845086097615, 0.03652157273891483, 0.03775741761528602, 0.03038266677288708, 0.0324337844152922, 0.0344466768322261, 0.02900246716379187, 0.0411926548806342, 0.024541605849261395, 0.025346656132205023, 0.028241956119973235, 0.0320491972750044, 0.028707985696116455, 0.040028886532208985, 0.03371861057206465]], "nn": [[0.039084311872213166, 0.039084311872213166], [0.039084311872213166, 0.039084311872213166, 0.039084311872213166, 0.039084311872213166, 0.039084311872213166, 0.039084311872213166, 0.039084311872213166, 0.039084311872213166, 0.039084311872213166, 0.039084311872213166, 0.039084311872213166, 0.039084311872213166, 0.039084311872213166, 0.039084311872213166, 0.039084311872213166, 0.039084311872213166, 0.039084311872213166, 0.039084311872213166, 0.039084311872213166, 0.039084311872213166]]}